World;Abysm;https://dota2.fandom.com/wiki/Abysm
World;Acid Jungles;https://dota2.fandom.com/wiki/Acid_Jungles
World;Ash Archipelago;https://dota2.fandom.com/wiki/Ash_Archipelago
World;Ashkavor;https://dota2.fandom.com/wiki/Ashkavor
World;Astral Plane;https://dota2.fandom.com/wiki/Astral_Plane
World;Augury Bay;https://dota2.fandom.com/wiki/Augury_Bay
World;Auren;https://dota2.fandom.com/wiki/Auren
World;Aziyog;https://dota2.fandom.com/wiki/Aziyog
World;Azura;https://dota2.fandom.com/wiki/Azura
World;Banshy;https://dota2.fandom.com/wiki/Banshy
World;Barrowhaven;https://dota2.fandom.com/wiki/Barrowhaven
World;Bay of Fradj;https://dota2.fandom.com/wiki/Bay_of_Fradj
World;Bleeding Hills;https://dota2.fandom.com/wiki/Bleeding_Hills
World;Blueheart Glacier;https://dota2.fandom.com/wiki/Blueheart_Glacier
World;Boiling Sea;https://dota2.fandom.com/wiki/Boiling_Sea
World;Bone Ruins;https://dota2.fandom.com/wiki/Bone_Ruins
World;Bonemeal Ridge;https://dota2.fandom.com/wiki/Bonemeal_Ridge
World;Candoness;https://dota2.fandom.com/wiki/Candoness
World;Cathedral of Rumusque;https://dota2.fandom.com/wiki/Cathedral_of_Rumusque
World;Clacline;https://dota2.fandom.com/wiki/Clacline
World;Cladd;https://dota2.fandom.com/wiki/Cladd
World;Claszureme;https://dota2.fandom.com/wiki/Claszureme
World;Cobalt;https://dota2.fandom.com/wiki/Cobalt
World;Coedwig;https://dota2.fandom.com/wiki/Coedwig
World;Col City;https://dota2.fandom.com/wiki/Col_City
World;Coldbank Plains;https://dota2.fandom.com/wiki/Coldbank_Plains
World;Coral Breach;https://dota2.fandom.com/wiki/Coral_Breach
World;Crester;https://dota2.fandom.com/wiki/Crester
World;Crey;https://dota2.fandom.com/wiki/Crey
World;Dark Reef;https://dota2.fandom.com/wiki/Dark_Reef
World;Deep Vault;https://dota2.fandom.com/wiki/Deep_Vault
World;Demon Star;https://dota2.fandom.com/wiki/Demon_Star
World;Desert of Misrule;https://dota2.fandom.com/wiki/Desert_of_Misrule
World;Devarque;https://dota2.fandom.com/wiki/Devarque
World;Dragon Hold;https://dota2.fandom.com/wiki/Dragon_Hold
World;Dragon Knights' Redoubt;https://dota2.fandom.com/wiki/Dragon_Knights%27_Redoubt
World;Dread Marsh;https://dota2.fandom.com/wiki/Dread_Marsh
World;Druud;https://dota2.fandom.com/wiki/Druud
World;El'Harath;https://dota2.fandom.com/wiki/El%27Harath
World;Elemental Plane;https://dota2.fandom.com/wiki/Elemental_Plane
World;Elze;https://dota2.fandom.com/wiki/Elze
World;Emauracus;https://dota2.fandom.com/wiki/Emauracus
World;Ember;https://dota2.fandom.com/wiki/Ember_(City)
World;Empire of Bone;https://dota2.fandom.com/wiki/Empire_of_Bone
World;Endless Copse;https://dota2.fandom.com/wiki/Endless_Copse
World;Fabric of Creation;https://dota2.fandom.com/wiki/Fabric_of_Creation
World;Fae Realm;https://dota2.fandom.com/wiki/Fae_Realm
World;Fellstrath;https://dota2.fandom.com/wiki/Fellstrath
World;Feral Road;https://dota2.fandom.com/wiki/Feral_Road
World;Fields of Endless Carnage;https://dota2.fandom.com/wiki/Fields_of_Endless_Carnage
World;Filedo;https://dota2.fandom.com/wiki/Filedo
World;Font of Avernus;https://dota2.fandom.com/wiki/Font_of_Avernus
World;Fortress of Flares;https://dota2.fandom.com/wiki/Fortress_of_Flares
World;Foulfell (Dragon's Blood);https://dota2.fandom.com/wiki/Foulfell_(Dragon%27s_Blood)
World;Foulfell;https://dota2.fandom.com/wiki/Foulfell
World;Fundamental Plane;https://dota2.fandom.com/wiki/Fundamental_Plane
World;Ghastly Eyrie;https://dota2.fandom.com/wiki/Ghastly_Eyrie
World;Gleaming City;https://dota2.fandom.com/wiki/Gleaming_City
World;Goldlake;https://dota2.fandom.com/wiki/Goldlake
World;Halgalreh;https://dota2.fandom.com/wiki/Halgalreh
World;Hauptstadt;https://dota2.fandom.com/wiki/Hauptstadt
World;Hazhadal Barrens;https://dota2.fandom.com/wiki/Hazhadal_Barrens
World;Heart of Nature;https://dota2.fandom.com/wiki/Heart_of_Nature
World;Heaven's Gate;https://dota2.fandom.com/wiki/Heaven%27s_Gate
World;Helio Imperium;https://dota2.fandom.com/wiki/Helio_Imperium
World;Hidden Hive;https://dota2.fandom.com/wiki/Hidden_Hive
World;Hidden Temple;https://dota2.fandom.com/wiki/Hidden_Temple
World;Highseat;https://dota2.fandom.com/wiki/Highseat
World;Howling Weald;https://dota2.fandom.com/wiki/Howling_Weald
World;Icewrack (Dragon's Blood);https://dota2.fandom.com/wiki/Icewrack_(Dragon%27s_Blood)
World;Icewrack;https://dota2.fandom.com/wiki/Icewrack
World;Inn of the Silent Braggart;https://dota2.fandom.com/wiki/Inn_of_the_Silent_Braggart
World;Inner Colonnade;https://dota2.fandom.com/wiki/Inner_Colonnade
World;Invoker's Tower;https://dota2.fandom.com/wiki/Invoker%27s_Tower
World;Iron Fog;https://dota2.fandom.com/wiki/Iron_Fog
World;Isle of Masks;https://dota2.fandom.com/wiki/Isle_of_Masks
World;Isle of Songs;https://dota2.fandom.com/wiki/Isle_of_Songs
World;Ivory Forest;https://dota2.fandom.com/wiki/Ivory_Forest
World;Ivory Incubarium;https://dota2.fandom.com/wiki/Ivory_Incubarium
World;Ivory Isles;https://dota2.fandom.com/wiki/Ivory_Isles
World;Janau;https://dota2.fandom.com/wiki/Janau
World;Jidi Isle;https://dota2.fandom.com/wiki/Jidi_Isle
World;Kailens;https://dota2.fandom.com/wiki/Kailens
World;Kalabor Desert;https://dota2.fandom.com/wiki/Kalabor_Desert
World;Knollen;https://dota2.fandom.com/wiki/Knollen
World;Krimwohl;https://dota2.fandom.com/wiki/Krimwohl
World;Leadbelly's;https://dota2.fandom.com/wiki/Leadbelly%27s
World;Leathsham;https://dota2.fandom.com/wiki/Leathsham
World;Lesser Hells;https://dota2.fandom.com/wiki/Lesser_Hells
World;Levinthal;https://dota2.fandom.com/wiki/Levinthal
World;Light's Keep;https://dota2.fandom.com/wiki/Light%27s_Keep
World;Lightglass;https://dota2.fandom.com/wiki/Lightglass
World;Lina's Estate;https://dota2.fandom.com/wiki/Lina%27s_Estate
World;Lincastle;https://dota2.fandom.com/wiki/Lincastle
World;Lordran;https://dota2.fandom.com/wiki/Lordran
World;Lormount;https://dota2.fandom.com/wiki/Lormount
World;Mad Moon;https://dota2.fandom.com/wiki/Mad_Moon
World;Magnetic Ziggurat;https://dota2.fandom.com/wiki/Magnetic_Ziggurat
World;Magpie's Roost;https://dota2.fandom.com/wiki/Magpie%27s_Roost
World;Manglewood Forest;https://dota2.fandom.com/wiki/Manglewood_Forest
World;Mistmill;https://dota2.fandom.com/wiki/Mistmill
World;Mount Joerlak;https://dota2.fandom.com/wiki/Mount_Joerlak
World;Mount Pyrotheos;https://dota2.fandom.com/wiki/Mount_Pyrotheos
World;Nanarak;https://dota2.fandom.com/wiki/Nanarak
World;Narrow Channel;https://dota2.fandom.com/wiki/Narrow_Channel
World;Narrow Maze;https://dota2.fandom.com/wiki/Narrow_Maze
World;Nether Reaches;https://dota2.fandom.com/wiki/Nether_Reaches
World;Nightsilver Woods (Dragon's Blood);https://dota2.fandom.com/wiki/Nightsilver_Woods_(Dragon%27s_Blood)
World;Nightsilver Woods;https://dota2.fandom.com/wiki/Nightsilver_Woods
World;Nishai;https://dota2.fandom.com/wiki/Nishai
World;Njord's Hearth;https://dota2.fandom.com/wiki/Njord%27s_Hearth
World;Northern Sea;https://dota2.fandom.com/wiki/Northern_Sea
World;Nothl Realm;https://dota2.fandom.com/wiki/Nothl_Realm
World;Omexe;https://dota2.fandom.com/wiki/Omexe
World;Onyx Grove;https://dota2.fandom.com/wiki/Onyx_Grove
World;Outer Hells;https://dota2.fandom.com/wiki/Outer_Hells
World;Outlands;https://dota2.fandom.com/wiki/Outlands
World;Overgrown Empire;https://dota2.fandom.com/wiki/Overgrown_Empire
World;Ozenja;https://dota2.fandom.com/wiki/Ozenja
World;Palace of Hurra'agdu;https://dota2.fandom.com/wiki/Palace_of_Hurra%27agdu
World;Petrified City of Saraddel;https://dota2.fandom.com/wiki/Petrified_City_of_Saraddel
World;Pinelyn;https://dota2.fandom.com/wiki/Pinelyn
World;Pole;https://dota2.fandom.com/wiki/Pole
World;Port Mignin;https://dota2.fandom.com/wiki/Port_Mignin
World;Praxa'cia;https://dota2.fandom.com/wiki/Praxa%27cia
World;Primordial Plane;https://dota2.fandom.com/wiki/Primordial_Plane
World;Qaldin;https://dota2.fandom.com/wiki/Qaldin
World;Qine;https://dota2.fandom.com/wiki/Qine
World;Quath;https://dota2.fandom.com/wiki/Quath
World;Quoidge;https://dota2.fandom.com/wiki/Quoidge
World;Recluse Reef;https://dota2.fandom.com/wiki/Recluse_Reef
World;Redmaw;https://dota2.fandom.com/wiki/Redmaw
World;Reef's Edge;https://dota2.fandom.com/wiki/Reef%27s_Edge
World;Revtel;https://dota2.fandom.com/wiki/Revtel
World;Riftshadow Ruins;https://dota2.fandom.com/wiki/Riftshadow_Ruins
World;Roseleaf;https://dota2.fandom.com/wiki/Roseleaf
World;Ruined City;https://dota2.fandom.com/wiki/Ruined_City
World;Ruined Keep;https://dota2.fandom.com/wiki/Ruined_Keep
World;Sashire;https://dota2.fandom.com/wiki/Sashire
World;Scintillant Waste;https://dota2.fandom.com/wiki/Scintillant_Waste
World;Secret Shop;https://dota2.fandom.com/wiki/Secret_Shop_(Lore)
World;Seven Hells;https://dota2.fandom.com/wiki/Seven_Hells
World;Shadeshore Ruins;https://dota2.fandom.com/wiki/Shadeshore_Ruins
World;Shadeshore;https://dota2.fandom.com/wiki/Shadeshore
World;Shrine of Selemene;https://dota2.fandom.com/wiki/Shrine_of_Selemene
World;Singer's Gulch;https://dota2.fandom.com/wiki/Singer%27s_Gulch
World;Slom;https://dota2.fandom.com/wiki/Slom
World;Sloquoit;https://dota2.fandom.com/wiki/Sloquoit
World;Smoke Harbor;https://dota2.fandom.com/wiki/Smoke_Harbor
World;Solar Throne;https://dota2.fandom.com/wiki/Solar_Throne
World;Stone Hills;https://dota2.fandom.com/wiki/Stone_Hills
World;Stonehall;https://dota2.fandom.com/wiki/Stonehall
World;Sundered Moon;https://dota2.fandom.com/wiki/Sundered_Moon
World;Sunken Isles;https://dota2.fandom.com/wiki/Sunken_Isles
World;Tares;https://dota2.fandom.com/wiki/Tares
World;Tarrin;https://dota2.fandom.com/wiki/Tarrin
World;Temple of Ermacor;https://dota2.fandom.com/wiki/Temple_of_Ermacor
World;Temple of Masks;https://dota2.fandom.com/wiki/Temple_of_Masks
World;Temple of Mene (Dragon's Blood);https://dota2.fandom.com/wiki/Temple_of_Mene_(Dragon%27s_Blood)
World;Temple of Mene;https://dota2.fandom.com/wiki/Temple_of_Mene
World;Terrene Plane;https://dota2.fandom.com/wiki/Terrene_Plane
World;The Barrens;https://dota2.fandom.com/wiki/The_Barrens
World;The Barrier;https://dota2.fandom.com/wiki/The_Barrier
World;The Dream;https://dota2.fandom.com/wiki/The_Dream
World;The Earth;https://dota2.fandom.com/wiki/The_Earth
World;The Emerald Abyss;https://dota2.fandom.com/wiki/The_Emerald_Abyss
World;The Hoven;https://dota2.fandom.com/wiki/The_Hoven
World;The Outworld;https://dota2.fandom.com/wiki/The_Outworld
World;The Red Mountain;https://dota2.fandom.com/wiki/The_Red_Mountain
World;The Seven Planes;https://dota2.fandom.com/wiki/The_Seven_Planes
World;The Underhollow;https://dota2.fandom.com/wiki/The_Underhollow/Lore
World;The Upland;https://dota2.fandom.com/wiki/The_Upland
World;The Void;https://dota2.fandom.com/wiki/The_Void
World;Thorny Wastes;https://dota2.fandom.com/wiki/Thorny_Wastes
World;Thousand Tarns;https://dota2.fandom.com/wiki/Thousand_Tarns
World;Tidemarsh;https://dota2.fandom.com/wiki/Tidemarsh
World;Tomo'kan;https://dota2.fandom.com/wiki/Tomo%27kan
World;Trembling Isle;https://dota2.fandom.com/wiki/Trembling_Isle
World;Turstarkuri;https://dota2.fandom.com/wiki/Turstarkuri
World;Tyler Estate;https://dota2.fandom.com/wiki/Tyler_Estate
World;Uhatu;https://dota2.fandom.com/wiki/Uhatu
World;Ulmarain;https://dota2.fandom.com/wiki/Ulmarain
World;Ultimyr Academy;https://dota2.fandom.com/wiki/Ultimyr_Academy
World;Ultimyr Archives;https://dota2.fandom.com/wiki/Ultimyr_Archives
World;Ultimyr University;https://dota2.fandom.com/wiki/Ultimyr_University
World;Ultoria;https://dota2.fandom.com/wiki/Ultoria
World;Underscape;https://dota2.fandom.com/wiki/Underscape
World;Undertree;https://dota2.fandom.com/wiki/Undertree
World;Vale of Augury;https://dota2.fandom.com/wiki/Vale_of_Augury
World;Vashundol;https://dota2.fandom.com/wiki/Vashundol
World;Vigil Keep;https://dota2.fandom.com/wiki/Vigil_Keep
World;Violet Archives;https://dota2.fandom.com/wiki/Violet_Archives
World;Violet Plateau;https://dota2.fandom.com/wiki/Violet_Plateau
World;Vuur;https://dota2.fandom.com/wiki/Vuur
World;Vuurcrag Mountains;https://dota2.fandom.com/wiki/Vuurcrag_Mountains
World;Wailing Mountains;https://dota2.fandom.com/wiki/Wailing_Mountains
World;Weeping Rose;https://dota2.fandom.com/wiki/Weeping_Rose
World;Western Forests;https://dota2.fandom.com/wiki/Western_Forests
World;White Fields;https://dota2.fandom.com/wiki/White_Fields
World;White Spire;https://dota2.fandom.com/wiki/White_Spire
World;Wolfsden Tavern;https://dota2.fandom.com/wiki/Wolfsden_Tavern
World;Wyrmforge;https://dota2.fandom.com/wiki/Wyrmforge
World;Xhacatocatl;https://dota2.fandom.com/wiki/Xhacatocatl
World;Yama Raskav Jungle;https://dota2.fandom.com/wiki/Yama_Raskav_Jungle
World;Yoskreth;https://dota2.fandom.com/wiki/Yoskreth
World;Zaru'Kina;https://dota2.fandom.com/wiki/Zaru%27Kina
Gods;Aethrak;https://dota2.fandom.com/wiki/Aethrak
Gods;Aktok;https://dota2.fandom.com/wiki/Aktok
Gods;Ascendants;https://dota2.fandom.com/wiki/Ascendants
Gods;Avilliva;https://dota2.fandom.com/wiki/Avilliva
Gods;Belladonna;https://dota2.fandom.com/wiki/Belladonna
Gods;Brewmaster's Father;https://dota2.fandom.com/wiki/Brewmaster%27s_Father
Gods;Burning Celestial;https://dota2.fandom.com/wiki/Burning_Celestial
Gods;Byssrak;https://dota2.fandom.com/wiki/Byssrak
Gods;Celestials;https://dota2.fandom.com/wiki/Celestials
Gods;Clasz;https://dota2.fandom.com/wiki/Clasz
Gods;Dark Ones;https://dota2.fandom.com/wiki/Dark_Ones
Gods;Ermacor;https://dota2.fandom.com/wiki/Ermacor_the_Pathfinder
Gods;Flayed Twins;https://dota2.fandom.com/wiki/Flayed_Twins
Gods;Fundamentals;https://dota2.fandom.com/wiki/Fundamentals
Gods;Fymryn;https://dota2.fandom.com/wiki/Fymryn
Gods;Goddess of Luck;https://dota2.fandom.com/wiki/Goddess_of_Luck
Gods;Hidden Ones;https://dota2.fandom.com/wiki/Hidden_Ones
Gods;Indrak;https://dota2.fandom.com/wiki/Indrak
Gods;Ix'yxa;https://dota2.fandom.com/wiki/Ix%27yxa
Gods;Lirrak;https://dota2.fandom.com/wiki/Lirrak
Gods;Maelrawn;https://dota2.fandom.com/wiki/Maelrawn
Gods;Maker of Masks;https://dota2.fandom.com/wiki/Maker_of_Masks
Gods;Mene;https://dota2.fandom.com/wiki/Mene_(Dragon%27s_Blood)
Gods;Nyctasha;https://dota2.fandom.com/wiki/Nyctasha
Gods;Nyx;https://dota2.fandom.com/wiki/Nyx
Gods;Obelis;https://dota2.fandom.com/wiki/Obelis
Gods;Omniscience;https://dota2.fandom.com/wiki/Omniscience
Gods;Orrak;https://dota2.fandom.com/wiki/Orrak
Gods;Polymorphia;https://dota2.fandom.com/wiki/Polymorphia
Gods;Poseidon;https://dota2.fandom.com/wiki/Poseidon
Gods;Primordial Consciousness;https://dota2.fandom.com/wiki/Primordial_Consciousness
Gods;Raijin;https://dota2.fandom.com/wiki/Raijin
Gods;Scree'auk;https://dota2.fandom.com/wiki/Scree%27auk
Gods;Selemene (Dragon's Blood);https://dota2.fandom.com/wiki/Selemene_(Dragon%27s_Blood)
Gods;Selemene;https://dota2.fandom.com/wiki/Selemene
Gods;Sherzi;https://dota2.fandom.com/wiki/Sherzi
Gods;Shiva;https://dota2.fandom.com/wiki/Shiva
Gods;Skadi;https://dota2.fandom.com/wiki/Skadi
Gods;Slyrak;https://dota2.fandom.com/wiki/Slyrak_(Dragon%27s_Blood)
Gods;Solar Goddess;https://dota2.fandom.com/wiki/Solar_Goddess
Gods;Spirit of Nature;https://dota2.fandom.com/wiki/Spirit_of_Nature
Gods;The Dead God;https://dota2.fandom.com/wiki/The_Dead_God
Gods;The Increate;https://dota2.fandom.com/wiki/The_Increate
Gods;The Reaper;https://dota2.fandom.com/wiki/The_Reaper
Gods;The Shaper;https://dota2.fandom.com/wiki/The_Shaper
Gods;The Shopkeeper;https://dota2.fandom.com/wiki/The_Shopkeeper_(Dragon%27s_Blood)
Gods;The Three Shades;https://dota2.fandom.com/wiki/The_Three_Shades
Gods;The Unseen Seven;https://dota2.fandom.com/wiki/The_Unseen_Seven
Gods;The Wailing One;https://dota2.fandom.com/wiki/The_Wailing_One
Gods;Transcendencies;https://dota2.fandom.com/wiki/Transcendencies
Gods;Tyrian;https://dota2.fandom.com/wiki/Tyrian
Gods;Uldorak;https://dota2.fandom.com/wiki/Uldorak_(Dragon%27s_Blood)
Gods;Mene;https://dota2.fandom.com/wiki/User:Ecstasy_Amphetamine/sandboxse
Gods;Vahdrak;https://dota2.fandom.com/wiki/Vahdrak
Gods;Verodicia;https://dota2.fandom.com/wiki/Verodicia
Gods;Vulcan;https://dota2.fandom.com/wiki/Vulcan
Gods;Worldwyrm;https://dota2.fandom.com/wiki/Worldwyrm
Gods;Zal;https://dota2.fandom.com/wiki/Zal
Races;Angels;https://dota2.fandom.com/wiki/Angels
Races;Angvols;https://dota2.fandom.com/wiki/Angvols
Races;Centaurs;https://dota2.fandom.com/wiki/Centaurs
Races;Creatures of Darkness;https://dota2.fandom.com/wiki/Creatures_of_Darkness
Races;Crocodylians;https://dota2.fandom.com/wiki/Crocodylians
Races;Demons;https://dota2.fandom.com/wiki/Demons
Races;Djinn;https://dota2.fandom.com/wiki/Djinn
Races;Dragons (Dragon's Blood);https://dota2.fandom.com/wiki/Dragons_(Dragon%27s_Blood)
Races;Dragons;https://dota2.fandom.com/wiki/Dragons
Races;Drow;https://dota2.fandom.com/wiki/Drow_(Lore)
Races;Eimermole;https://dota2.fandom.com/wiki/Eimermole
Races;Eldwurms (Dragon's Blood);https://dota2.fandom.com/wiki/Eldwurms_(Dragon%27s_Blood)
Races;Elementals;https://dota2.fandom.com/wiki/Elementals
Races;Elves (Dragon's Blood);https://dota2.fandom.com/wiki/Elves_(Dragon%27s_Blood)
Races;Elves;https://dota2.fandom.com/wiki/Elves
Races;Fae;https://dota2.fandom.com/wiki/Fae
Races;Faerie Dragons;https://dota2.fandom.com/wiki/Faerie_Dragons
Races;Frostbitten;https://dota2.fandom.com/wiki/Frostbitten
Races;Giants;https://dota2.fandom.com/wiki/Giants
Races;Gnomes;https://dota2.fandom.com/wiki/Gnomes
Races;Greevils;https://dota2.fandom.com/wiki/Greevils
Races;Halflings;https://dota2.fandom.com/wiki/Halflings
Races;Harpy;https://dota2.fandom.com/wiki/Harpy_(Lore)
Races;Hellbears;https://dota2.fandom.com/wiki/Hellbears
Races;Human;https://dota2.fandom.com/wiki/Human
Races;Keen;https://dota2.fandom.com/wiki/Keen_(Race)
Races;Kobolds;https://dota2.fandom.com/wiki/Kobolds
Races;Levianth;https://dota2.fandom.com/wiki/Levianth
Races;Magnoceroi;https://dota2.fandom.com/wiki/Magnoceroi
Races;Masked Ones;https://dota2.fandom.com/wiki/Masked_Ones
Races;Meranths;https://dota2.fandom.com/wiki/Meranths
Races;Mo'rokai;https://dota2.fandom.com/wiki/Mo%27rokai
Races;Mushling;https://dota2.fandom.com/wiki/Mushling
Races;Naga;https://dota2.fandom.com/wiki/Naga_(Lore)
Races;Netherdrakes;https://dota2.fandom.com/wiki/Netherdrakes
Races;Odobenus;https://dota2.fandom.com/wiki/Odobenus
Races;Oglodi;https://dota2.fandom.com/wiki/Oglodi
Races;Ogres;https://dota2.fandom.com/wiki/Ogres
Races;Prowlers;https://dota2.fandom.com/wiki/Prowlers
Races;Pyrexae Dragons;https://dota2.fandom.com/wiki/Pyrexae_Dragons
Races;Sangstrath;https://dota2.fandom.com/wiki/Sangstrath
Races;Satyrs;https://dota2.fandom.com/wiki/Satyrs
Races;Skywrath;https://dota2.fandom.com/wiki/Skywrath
Races;Slithereen;https://dota2.fandom.com/wiki/Slithereen
Races;Smeevils;https://dota2.fandom.com/wiki/Smeevils
Races;Stars;https://dota2.fandom.com/wiki/Stars
Races;Stone Giants;https://dota2.fandom.com/wiki/Stone_Giants
Races;Titans;https://dota2.fandom.com/wiki/Titans
Races;Treant;https://dota2.fandom.com/wiki/Treant_(Race)
Races;Treant Protectors;https://dota2.fandom.com/wiki/Treant_Protectors
Races;Trolls;https://dota2.fandom.com/wiki/Trolls
Races;Ursine;https://dota2.fandom.com/wiki/Ursa_(Race)
Races;Vhoul;https://dota2.fandom.com/wiki/Vhoul
Races;Weavers;https://dota2.fandom.com/wiki/Weavers
Races;Wraiths;https://dota2.fandom.com/wiki/Wraiths
Races;Zealot Scarabs;https://dota2.fandom.com/wiki/Zealot_Scarabs
Characters;Abajen;https://dota2.fandom.com/wiki/Abajen
Characters;Abzidian;https://dota2.fandom.com/wiki/Abzidian
Characters;Aghanim;https://dota2.fandom.com/wiki/Aghanim
Characters;Akakiryu;https://dota2.fandom.com/wiki/Akakiryu
Characters;Al-Fusha;https://dota2.fandom.com/wiki/Al-Fusha
Characters;Allegra;https://dota2.fandom.com/wiki/Allegra
Characters;Ambinderath;https://dota2.fandom.com/wiki/Ambinderath
Characters;Ancient Sovereign;https://dota2.fandom.com/wiki/Ancient_Sovereign
Characters;Anessix;https://dota2.fandom.com/wiki/Anessix
Characters;Armageddon;https://dota2.fandom.com/wiki/Armageddon
Characters;Asar;https://dota2.fandom.com/wiki/Asar
Characters;Ash the Defiler;https://dota2.fandom.com/wiki/Ash_the_Defiler
Characters;Aubgraw;https://dota2.fandom.com/wiki/Aubgraw
Characters;Azorszos;https://dota2.fandom.com/wiki/Azorszos
Characters;Balimar Oakrot;https://dota2.fandom.com/wiki/Balimar_Oakrot
Characters;Barathrum's Master;https://dota2.fandom.com/wiki/Barathrum%27s_Master
Characters;Beastmaster's Father;https://dota2.fandom.com/wiki/Beastmaster%27s_Father
Characters;Belasanno;https://dota2.fandom.com/wiki/Belasanno
Characters;Birot;https://dota2.fandom.com/wiki/Birot
Characters;Bogdugg;https://dota2.fandom.com/wiki/Bogdugg
Characters;Bonkers;https://dota2.fandom.com/wiki/Bonkers
Characters;Brag Sharpeye;https://dota2.fandom.com/wiki/Brag_Sharpeye
Characters;Bram;https://dota2.fandom.com/wiki/Bram
Characters;Bramble Lord;https://dota2.fandom.com/wiki/Bramble_Lord
Characters;Brandalon;https://dota2.fandom.com/wiki/Brandalon
Characters;Brass Herald;https://dota2.fandom.com/wiki/Brass_Herald
Characters;Breklin;https://dota2.fandom.com/wiki/Breklin
Characters;Breno;https://dota2.fandom.com/wiki/Breno
Characters;Buki'vak;https://dota2.fandom.com/wiki/Buki%27vak
Characters;Buluphont;https://dota2.fandom.com/wiki/Buluphont
Characters;Bunny;https://dota2.fandom.com/wiki/Bunny
Characters;Carl;https://dota2.fandom.com/wiki/Carl_(Tailor)
Characters;Castor Twin-Tusks;https://dota2.fandom.com/wiki/Castor_Twin-Tusks
Characters;The Chainbreaker;https://dota2.fandom.com/wiki/Chainbreaker
Characters;Clinkz's Grandfather;https://dota2.fandom.com/wiki/Clinkz%27s_Grandfather
Characters;Craler;https://dota2.fandom.com/wiki/Craler
Characters;Crella;https://dota2.fandom.com/wiki/Crella
Characters;Crex vo Gali;https://dota2.fandom.com/wiki/Crex_vo_Gali
Characters;Crimson Cut-throat;https://dota2.fandom.com/wiki/Crimson_Cut-throat
Characters;Crimson Wyvern;https://dota2.fandom.com/wiki/Crimson_Wyvern
Characters;Culween;https://dota2.fandom.com/wiki/Culween
Characters;Dagin Two-Sticks;https://dota2.fandom.com/wiki/Dagin_Two-Sticks
Characters;Debbi;https://dota2.fandom.com/wiki/Debbi
Characters;Decius;https://dota2.fandom.com/wiki/Decius
Characters;Dowager Queen Tansis XII;https://dota2.fandom.com/wiki/Dowager_Queen_Tansis_XII
Characters;Dreadknight;https://dota2.fandom.com/wiki/Dreadknight
Characters;Drysi;https://dota2.fandom.com/wiki/Drysi
Characters;Duke of Levinthal;https://dota2.fandom.com/wiki/Duke_of_Levinthal
Characters;Edwig Otto;https://dota2.fandom.com/wiki/Edwig_Otto
Characters;Elder Greyhoofs;https://dota2.fandom.com/wiki/Elder_Greyhoofs
Characters;Elsbeth;https://dota2.fandom.com/wiki/Elsbeth
Characters;Emissary of the Quorum;https://dota2.fandom.com/wiki/Emissary_of_the_Quorum
Characters;Emperor Galanius;https://dota2.fandom.com/wiki/Emperor_Galanius
Characters;Endoleon;https://dota2.fandom.com/wiki/Endoleon
Characters;Etienne Swiftguard;https://dota2.fandom.com/wiki/Etienne_Swiftguard
Characters;Eztzhok;https://dota2.fandom.com/wiki/Eztzhok
Characters;Father Mushroom;https://dota2.fandom.com/wiki/Father_Mushroom
Characters;Father;https://dota2.fandom.com/wiki/Father
Characters;Filomena;https://dota2.fandom.com/wiki/Filomena
Characters;Flockheart;https://dota2.fandom.com/wiki/Flockheart
Characters;Fr√ºhling;https://dota2.fandom.com/wiki/Fr%C3%BChling
Characters;Gallaron;https://dota2.fandom.com/wiki/Gallaron
Characters;Gaster;https://dota2.fandom.com/wiki/Gaster
Characters;Giamma;https://dota2.fandom.com/wiki/Giamma
Characters;Gliss;https://dota2.fandom.com/wiki/Gliss
Characters;Goff;https://dota2.fandom.com/wiki/Goff
Characters;Goodkind;https://dota2.fandom.com/wiki/Goodkind
Characters;Gorgons;https://dota2.fandom.com/wiki/Gorgons
Characters;Gorn;https://dota2.fandom.com/wiki/Gorn
Characters;Grandma Sharpeye;https://dota2.fandom.com/wiki/Grandma_Sharpeye
Characters;Grek;https://dota2.fandom.com/wiki/Grek
Characters;Grigrikh;https://dota2.fandom.com/wiki/Grigrikh
Characters;Gwanwyn;https://dota2.fandom.com/wiki/Gwanwyn
Characters;Harlek;https://dota2.fandom.com/wiki/Harlek
Characters;Herzog;https://dota2.fandom.com/wiki/Herzog
Characters;Hetheel;https://dota2.fandom.com/wiki/Hetheel
Characters;Hroth;https://dota2.fandom.com/wiki/Hroth
Characters;Ice Wizard;https://dota2.fandom.com/wiki/Ice_Wizard
Characters;Iczoxtotec;https://dota2.fandom.com/wiki/Iczoxtotec
Characters;Imperia;https://dota2.fandom.com/wiki/Imperia
Characters;Jex;https://dota2.fandom.com/wiki/Jex/Lore
Characters;Jorbiah;https://dota2.fandom.com/wiki/Jorbiah
Characters;Kaden's Captain;https://dota2.fandom.com/wiki/Kaden%27s_Captain
Characters;Kaden;https://dota2.fandom.com/wiki/Kaden
Characters;Kaktos;https://dota2.fandom.com/wiki/Kaktos
Characters;Karaul Silverwing;https://dota2.fandom.com/wiki/Karaul_Silverwing
Characters;Kareth;https://dota2.fandom.com/wiki/Kareth
Characters;Kashurra;https://dota2.fandom.com/wiki/Kashurra
Characters;Knogh;https://dota2.fandom.com/wiki/Knogh
Characters;Koryx;https://dota2.fandom.com/wiki/Koryx
Characters;Kwerthias;https://dota2.fandom.com/wiki/Kwerthias
Characters;Lady Anshu;https://dota2.fandom.com/wiki/Lady_Anshu
Characters;Lina's Aunt;https://dota2.fandom.com/wiki/Lina%27s_Aunt
Characters;Little Roc;https://dota2.fandom.com/wiki/Little_Roc
Characters;Lommett;https://dota2.fandom.com/wiki/Lommett
Characters;Lord Ambry;https://dota2.fandom.com/wiki/Lord_Ambry
Characters;Lord of Misrule;https://dota2.fandom.com/wiki/Lord_of_Misrule
Characters;Lorlin Lasan;https://dota2.fandom.com/wiki/Lorlin_Lasan
Characters;Losel;https://dota2.fandom.com/wiki/Losel
Characters;Lowenplatt;https://dota2.fandom.com/wiki/Lowenplatt
Characters;Lucius Longclaw;https://dota2.fandom.com/wiki/Lucius_Longclaw
Characters;Lunar Moth;https://dota2.fandom.com/wiki/Lunar_Moth
Characters;Lyla;https://dota2.fandom.com/wiki/Lyla
Characters;Maraxiform;https://dota2.fandom.com/wiki/Maraxiform
Characters;Marci's Mother;https://dota2.fandom.com/wiki/Marci%27s_Mother
Characters;Marcus;https://dota2.fandom.com/wiki/Marcus
Characters;Mavor;https://dota2.fandom.com/wiki/Mavor
Characters;Mial;https://dota2.fandom.com/wiki/Mial
Characters;Midas;https://dota2.fandom.com/wiki/Midas
Characters;Mirana's Grandfather;https://dota2.fandom.com/wiki/Mirana%27s_Grandfather
Characters;Mireska's Father;https://dota2.fandom.com/wiki/Mireska%27s_Father
Characters;Myrault;https://dota2.fandom.com/wiki/Myrault
Characters;Myrian;https://dota2.fandom.com/wiki/Myrian
Characters;Nalon;https://dota2.fandom.com/wiki/Nalon
Characters;Narcissus;https://dota2.fandom.com/wiki/Narcissus
Characters;Nico Hieronimo;https://dota2.fandom.com/wiki/Nico_Hieronimo
Characters;Nikdo;https://dota2.fandom.com/wiki/Nikdo
Characters;Niuhi;https://dota2.fandom.com/wiki/Niuhi
Characters;Nova;https://dota2.fandom.com/wiki/Nova
Characters;Nuranu;https://dota2.fandom.com/wiki/Nuranu
Characters;O'nia;https://dota2.fandom.com/wiki/O%27nia
Characters;Owine;https://dota2.fandom.com/wiki/Owine
Characters;Papa Samet;https://dota2.fandom.com/wiki/Papa_Samet
Characters;Pinzik;https://dota2.fandom.com/wiki/Pinzik
Characters;Pololo;https://dota2.fandom.com/wiki/Pololo
Characters;Ptholopthales;https://dota2.fandom.com/wiki/Ptholopthales
Characters;Quiet;https://dota2.fandom.com/wiki/Quiet
Characters;Quirt;https://dota2.fandom.com/wiki/Quirt
Characters;Qwyth;https://dota2.fandom.com/wiki/Qwyth
Characters;Rhasta's Master;https://dota2.fandom.com/wiki/Rhasta%27s_Master
Characters;Ritterfau;https://dota2.fandom.com/wiki/Ritterfau
Characters;Rizzrack's Mother;https://dota2.fandom.com/wiki/Rizzrack%27s_Mother
Characters;Roshan;https://dota2.fandom.com/wiki/Roshan/Lore
Characters;Ruseth;https://dota2.fandom.com/wiki/Ruseth
Characters;Sabasteen;https://dota2.fandom.com/wiki/Sabasteen
Characters;Saberhorn;https://dota2.fandom.com/wiki/Saberhorn
Characters;Sadron;https://dota2.fandom.com/wiki/Sadron
Characters;Sagan;https://dota2.fandom.com/wiki/Sagan
Characters;Sahsk;https://dota2.fandom.com/wiki/Sahsk
Characters;Seguri;https://dota2.fandom.com/wiki/Seguri
Characters;Shabarra;https://dota2.fandom.com/wiki/Shabarra
Characters;Sheragndar;https://dota2.fandom.com/wiki/Sheragndar
Characters;Shimare;https://dota2.fandom.com/wiki/Shimare
Characters;Shitty Wizard;https://dota2.fandom.com/wiki/Shitty_Wizard
Characters;Siltbreaker;https://dota2.fandom.com/wiki/Siltbreaker/Lore
Characters;Sithil;https://dota2.fandom.com/wiki/Sithil
Characters;Sly Cuttles;https://dota2.fandom.com/wiki/Sly_Cuttles
Characters;Slyrak;https://dota2.fandom.com/wiki/Slyrak
Characters;Somjin;https://dota2.fandom.com/wiki/Somjin
Characters;Soruq;https://dota2.fandom.com/wiki/Soruq
Characters;Spire Mage;https://dota2.fandom.com/wiki/Spire_Mage
Characters;Springfoot;https://dota2.fandom.com/wiki/Springfoot
Characters;Springwind;https://dota2.fandom.com/wiki/Springwind
Characters;Suicide-Mages;https://dota2.fandom.com/wiki/Suicide-Mages
Characters;Sutherex;https://dota2.fandom.com/wiki/Sutherex
Characters;Sven's Father;https://dota2.fandom.com/wiki/Sven%27s_Father
Characters;Sven's Mother;https://dota2.fandom.com/wiki/Sven%27s_Mother
Characters;Sylak;https://dota2.fandom.com/wiki/Sylak
Characters;Tansis XII;https://dota2.fandom.com/wiki/Tansis_XII
Characters;Tansis XIII;https://dota2.fandom.com/wiki/Tansis_XIII
Characters;Tarak;https://dota2.fandom.com/wiki/Tarak
Characters;The Bloodletter;https://dota2.fandom.com/wiki/The_Bloodletter
Characters;The Last King of Slom;https://dota2.fandom.com/wiki/The_Last_King_of_Slom
Characters;The Lost Meepo;https://dota2.fandom.com/wiki/The_Lost_Meepo
Characters;The Second Disciple;https://dota2.fandom.com/wiki/The_Second_Disciple
Characters;The Shopkeeper;https://dota2.fandom.com/wiki/The_Shopkeeper
Characters;Throsho;https://dota2.fandom.com/wiki/Throsho
Characters;Raijin;https://dota2.fandom.com/wiki/Thunderkeg
Characters;Tihomir;https://dota2.fandom.com/wiki/Tihomir
Characters;Tornarus;https://dota2.fandom.com/wiki/Tornarus
Characters;Tox Armripper;https://dota2.fandom.com/wiki/Tox_Armripper
Characters;Tristan;https://dota2.fandom.com/wiki/Tristan
Characters;Trivian;https://dota2.fandom.com/wiki/Trivian
Characters;Turath;https://dota2.fandom.com/wiki/Turath
Characters;Tybara;https://dota2.fandom.com/wiki/Tybara
Characters;Tyber;https://dota2.fandom.com/wiki/Tyber
Characters;Uldorak;https://dota2.fandom.com/wiki/Uldorak
Characters;Urthic Laste;https://dota2.fandom.com/wiki/Urthic_Laste
Characters;Vanari;https://dota2.fandom.com/wiki/Vanari
Characters;Vanessa;https://dota2.fandom.com/wiki/Vanessa
Characters;Vareth;https://dota2.fandom.com/wiki/Vareth
Characters;Veiled Oracle;https://dota2.fandom.com/wiki/Veiled_Oracle
Characters;Virga Truebark;https://dota2.fandom.com/wiki/Virga_Truebark
Characters;Vorn;https://dota2.fandom.com/wiki/Vorn
Characters;Votajo;https://dota2.fandom.com/wiki/Votajo
Characters;Vreth;https://dota2.fandom.com/wiki/Vreth
Characters;Vyxia;https://dota2.fandom.com/wiki/Vyxia
Characters;White Cape;https://dota2.fandom.com/wiki/White_Cape
Characters;Wren;https://dota2.fandom.com/wiki/Wren
Characters;Xahryx;https://dota2.fandom.com/wiki/Xahryx
Characters;Yaovhi;https://dota2.fandom.com/wiki/Yaovhi
Characters;Yulsaria;https://dota2.fandom.com/wiki/Yulsaria
Characters;Yzir;https://dota2.fandom.com/wiki/Yzir
Characters;Zev Vizarla;https://dota2.fandom.com/wiki/Zev_Vizarla
Characters;Zo;https://dota2.fandom.com/wiki/Zo
Factions;Abyssal Horde;https://dota2.fandom.com/wiki/Abyssal_Horde
Factions;Ascended Ones;https://dota2.fandom.com/wiki/Ascended_Ones
Factions;Ash Legion;https://dota2.fandom.com/wiki/Ash_Legion
Factions;Bear Clan;https://dota2.fandom.com/wiki/Bear_Clan
Factions;Bladebreaker Order;https://dota2.fandom.com/wiki/Bladebreaker_Order
Factions;Bloodmist;https://dota2.fandom.com/wiki/Bloodmist
Factions;Bonehunters;https://dota2.fandom.com/wiki/Bonehunters
Factions;Bonemeal Ogres;https://dota2.fandom.com/wiki/Bonemeal_Ogres
Factions;Boreal Watch;https://dota2.fandom.com/wiki/Boreal_Watch
Factions;Bronze Legion;https://dota2.fandom.com/wiki/Bronze_Legion
Factions;Burning Cabal;https://dota2.fandom.com/wiki/Burning_Cabal
Factions;Chiseled Guard;https://dota2.fandom.com/wiki/Chiseled_Guard
Factions;Claddish Navy;https://dota2.fandom.com/wiki/Claddish_Navy
Factions;Conclave of the Brine;https://dota2.fandom.com/wiki/Conclave_of_the_Brine
Factions;Court of Ristul;https://dota2.fandom.com/wiki/Court_of_Ristul
Factions;Dark Moon Horde;https://dota2.fandom.com/wiki/Dark_Moon_Horde
Factions;Dark Moon Order;https://dota2.fandom.com/wiki/Dark_Moon_Order
Factions;Dark Reef Dozen;https://dota2.fandom.com/wiki/Dark_Reef_Dozen
Factions;Darkbrew Family;https://dota2.fandom.com/wiki/Darkbrew_Family
Factions;Deep Ones;https://dota2.fandom.com/wiki/Deep_Ones
Factions;Demon Lords;https://dota2.fandom.com/wiki/Demon_Lords
Factions;Demons of the Cataract;https://dota2.fandom.com/wiki/Demons_of_the_Cataract
Factions;Dezun Order;https://dota2.fandom.com/wiki/Dezun_Order
Factions;Dhreg Cult;https://dota2.fandom.com/wiki/Dhreg_Cult
Factions;Dire;https://dota2.fandom.com/wiki/Dire
Factions;Dragon Clan (Dragon's Blood);https://dota2.fandom.com/wiki/Dragon_Clan_(Dragon%27s_Blood)
Factions;Dragon Clan;https://dota2.fandom.com/wiki/Dragon_Clan
Factions;Dragon Knights;https://dota2.fandom.com/wiki/Dragon_Knights
Factions;Druids of Verodicia;https://dota2.fandom.com/wiki/Druids_of_Verodicia
Factions;Eldwurms;https://dota2.fandom.com/wiki/Eldwurms
Factions;Flameguard;https://dota2.fandom.com/wiki/Flameguard
Factions;Frost Brigade;https://dota2.fandom.com/wiki/Frost_Brigade
Factions;Frosted Winds Tribe;https://dota2.fandom.com/wiki/Frosted_Winds_Tribe
Factions;Frostiron Tribe;https://dota2.fandom.com/wiki/Frostiron_Tribe
Factions;Highsand Nomads;https://dota2.fandom.com/wiki/Highsand_Nomads
Factions;House of Avernus;https://dota2.fandom.com/wiki/House_Avernus
Factions;House of Ambry;https://dota2.fandom.com/wiki/House_of_Ambry
Factions;House of Tahlin;https://dota2.fandom.com/wiki/House_of_Tahlin
Factions;Jasper Circle;https://dota2.fandom.com/wiki/Jasper_Circle
Factions;Kha-Ren;https://dota2.fandom.com/wiki/Kha-Ren
Factions;Knights of the Fold;https://dota2.fandom.com/wiki/Knights_of_the_Fold
Factions;Korumite;https://dota2.fandom.com/wiki/Korumite
Factions;Kuur-Ishiminari;https://dota2.fandom.com/wiki/Kuur-Ishiminari
Factions;Marci's Family;https://dota2.fandom.com/wiki/Marci%27s_Family
Factions;Marrowfell Hunters;https://dota2.fandom.com/wiki/Marrowfell_Hunters
Factions;Monks of Turstarkuri;https://dota2.fandom.com/wiki/Monks_of_Turstarkuri
Factions;Mono Militis;https://dota2.fandom.com/wiki/Mono_Militis
Factions;Nivan Gallants;https://dota2.fandom.com/wiki/Nivan_Gallants
Factions;Order of Cyprin;https://dota2.fandom.com/wiki/Order_of_Cyprin
Factions;Order of Ra'hul;https://dota2.fandom.com/wiki/Order_of_Ra%27hul
Factions;Order of the Oyo;https://dota2.fandom.com/wiki/Order_of_the_Oyo
Factions;Pangolin Guild;https://dota2.fandom.com/wiki/Pangolin_Guild
Factions;Qaldin Assassins;https://dota2.fandom.com/wiki/Qaldin_Assassins
Factions;Radiant;https://dota2.fandom.com/wiki/Radiant
Factions;Red Guard of Ogdaroon;https://dota2.fandom.com/wiki/Red_Guard_of_Ogdaroon
Factions;Red Mist;https://dota2.fandom.com/wiki/Red_Mist
Factions;Redmoon Order;https://dota2.fandom.com/wiki/Redmoon_Order
Factions;Sagesmiths;https://dota2.fandom.com/wiki/Sagesmiths
Factions;Sapphire Archons;https://dota2.fandom.com/wiki/Sapphire_Archons
Factions;Scaled Knights of Uthorian;https://dota2.fandom.com/wiki/Scaled_Knights_of_Uthorian
Factions;Serpent Clan;https://dota2.fandom.com/wiki/Serpent_Clan
Factions;Sisters of the Veil;https://dota2.fandom.com/wiki/Sisters_of_the_Veil
Factions;Slithereen Guard;https://dota2.fandom.com/wiki/Slithereen_Guard
Factions;Sunbreeze Family;https://dota2.fandom.com/wiki/Sunbreeze_Family
Factions;Sylvan Guard;https://dota2.fandom.com/wiki/Sylvan_Guard
Factions;Tahlin Watch;https://dota2.fandom.com/wiki/Tahlin_Watch
Factions;The Continuum;https://dota2.fandom.com/wiki/The_Continuum
Factions;The Lost Order;https://dota2.fandom.com/wiki/The_Lost_Order
Factions;The Lost Vigil;https://dota2.fandom.com/wiki/The_Lost_Vigil
Factions;The Quorum;https://dota2.fandom.com/wiki/The_Quorum
Factions;The Rogue's Guild;https://dota2.fandom.com/wiki/The_Rogue%27s_Guild
Factions;Treant Guard;https://dota2.fandom.com/wiki/Treant_Guard
Factions;Verdant Guild;https://dota2.fandom.com/wiki/Verdant_Guild
Factions;Vigil Knights;https://dota2.fandom.com/wiki/Vigil_Knights
Factions;Vile Council;https://dota2.fandom.com/wiki/Vile_Council
Factions;Warstomp Clan;https://dota2.fandom.com/wiki/Warstomp_Clan
Factions;Western Wails;https://dota2.fandom.com/wiki/Western_Wails
Species;Air Dragons;https://dota2.fandom.com/wiki/Air_Dragons
Species;Arctic Arcoch;https://dota2.fandom.com/wiki/Arctic_Arcoch
Species;Behemoths;https://dota2.fandom.com/wiki/Behemoths
Species;Bloodroot Tree;https://dota2.fandom.com/wiki/Bloodroot_Tree
Species;Bloodwood;https://dota2.fandom.com/wiki/Bloodwood
Species;Bluehorn;https://dota2.fandom.com/wiki/Bluehorn
Species;Candral-Flower;https://dota2.fandom.com/wiki/Candral-Flower
Species;Chaos Dragons;https://dota2.fandom.com/wiki/Chaos_Dragons
Species;Cholgar;https://dota2.fandom.com/wiki/Cholgar
Species;Corodonts;https://dota2.fandom.com/wiki/Corodonts
Species;Daggerfish;https://dota2.fandom.com/wiki/Daggerfish
Species;Desert Wyrm;https://dota2.fandom.com/wiki/Desert_Wyrm
Species;Dire Wolf;https://dota2.fandom.com/wiki/Dire_Wolf
Species;Ditch Hog;https://dota2.fandom.com/wiki/Ditch_Hog
Species;Draca Eel;https://dota2.fandom.com/wiki/Draca_Eel
Species;Dragon Toad;https://dota2.fandom.com/wiki/Dragon_Toad
Species;Drakinds;https://dota2.fandom.com/wiki/Drakinds
Species;Druffins;https://dota2.fandom.com/wiki/Druffins
Species;Durana;https://dota2.fandom.com/wiki/Durana
Species;Earth Dragons;https://dota2.fandom.com/wiki/Earth_Dragons
Species;Ember Dragons;https://dota2.fandom.com/wiki/Ember_Dragons
Species;Fell-deer;https://dota2.fandom.com/wiki/Fell-deer
Species;Felmoth;https://dota2.fandom.com/wiki/Felmoth
Species;Firelarks;https://dota2.fandom.com/wiki/Firelarks
Species;Fradjan Moth;https://dota2.fandom.com/wiki/Fradjan_Moth
Species;Frost Owl;https://dota2.fandom.com/wiki/Frost_Owl
Species;Gargoyles;https://dota2.fandom.com/wiki/Gargoyles
Species;Gilded Falcon;https://dota2.fandom.com/wiki/Gilded_Falcon
Species;Glow Conch;https://dota2.fandom.com/wiki/Glow_Conch
Species;Golems;https://dota2.fandom.com/wiki/Golems
Species;Griffins;https://dota2.fandom.com/wiki/Griffins
Species;Growler;https://dota2.fandom.com/wiki/Growler
Species;Gryftok;https://dota2.fandom.com/wiki/Gryftok
Species;Guttleslugs;https://dota2.fandom.com/wiki/Guttleslugs
Species;Hellkite;https://dota2.fandom.com/wiki/Hellkite
Species;Hellwethers;https://dota2.fandom.com/wiki/Hellwethers
Species;Hlotl;https://dota2.fandom.com/wiki/Hlotl
Species;Hydra;https://dota2.fandom.com/wiki/Hydra
Species;Icewrack Wolf;https://dota2.fandom.com/wiki/Icewrack_Wolf
Species;Incubus;https://dota2.fandom.com/wiki/Incubus
Species;Ionic Dragons;https://dota2.fandom.com/wiki/Ionic_Dragons
Species;Iron Dragons;https://dota2.fandom.com/wiki/Iron_Dragons
Species;Ironwood;https://dota2.fandom.com/wiki/Ironwood
Species;Kraken Tortoise;https://dota2.fandom.com/wiki/Kraken_Tortoise
Species;Kraken;https://dota2.fandom.com/wiki/Kraken
Species;Litigons;https://dota2.fandom.com/wiki/Litigons
Species;Locuthi;https://dota2.fandom.com/wiki/Locuthi
Species;Lotuses of Mene;https://dota2.fandom.com/wiki/Lotuses_of_Mene
Species;Luminous Dragons;https://dota2.fandom.com/wiki/Luminous_Dragons
Species;Lunar Dragons;https://dota2.fandom.com/wiki/Lunar_Dragons
Species;Murex Elk;https://dota2.fandom.com/wiki/Murex_Elk
Species;Ogre Seal;https://dota2.fandom.com/wiki/Ogre_Seal
Species;Owlions;https://dota2.fandom.com/wiki/Owlions
Species;Oyoloe;https://dota2.fandom.com/wiki/Oyoloe
Species;Pantherans;https://dota2.fandom.com/wiki/Pantherans
Species;Ravager;https://dota2.fandom.com/wiki/Ravager
Species;Razorwyrm;https://dota2.fandom.com/wiki/Razorwyrm
Species;Rumblehides;https://dota2.fandom.com/wiki/Rumblehides
Species;Sabre-Lynx;https://dota2.fandom.com/wiki/Sabre-Lynx
Species;Sea Dragons;https://dota2.fandom.com/wiki/Sea_Dragons
Species;Shadowcats;https://dota2.fandom.com/wiki/Shadowcats
Species;Spitterpede;https://dota2.fandom.com/wiki/Spitterpede
Species;Steepstalkers;https://dota2.fandom.com/wiki/Steepstalkers
Species;Stryder;https://dota2.fandom.com/wiki/Stryder
Species;Stuntwood;https://dota2.fandom.com/wiki/Stuntwood
Species;Sun Vine;https://dota2.fandom.com/wiki/Sun_Vine
Species;The Filomena;https://dota2.fandom.com/wiki/The_Filomena
Species;Thunderhides;https://dota2.fandom.com/wiki/Thunderhides
Species;Tree Weasels;https://dota2.fandom.com/wiki/Tree_Weasels
Species;Triple-Tailed Howling Wolf;https://dota2.fandom.com/wiki/Triple-Tailed_Howling_Wolf
Species;Tusk-fox;https://dota2.fandom.com/wiki/Tusk-fox
Species;Umizar;https://dota2.fandom.com/wiki/Umizar
Species;Undead Dragons;https://dota2.fandom.com/wiki/Undead_Dragons
Species;Void Dragons;https://dota2.fandom.com/wiki/Void_Dragons
Species;Water Dragons;https://dota2.fandom.com/wiki/Water_Dragons
Species;Web-hunds;https://dota2.fandom.com/wiki/Web-hunds
Species;Wildwings;https://dota2.fandom.com/wiki/Wildwings
Species;Wyverns;https://dota2.fandom.com/wiki/Wyverns
Artifacts;Abyssal Blade;https://dota2.fandom.com/wiki/Abyssal_Blade/Lore
Artifacts;Adjudicator's Blade;https://dota2.fandom.com/wiki/Adjudicator%27s_Blade
Artifacts;Aegis of Champions;https://dota2.fandom.com/wiki/Aegis_of_Champions
Artifacts;Aghanim's Scepter;https://dota2.fandom.com/wiki/Aghanim%27s_Scepter/Lore
Artifacts;Apotheosis Blade;https://dota2.fandom.com/wiki/Apotheosis_Blade
Artifacts;Black King Bar;https://dota2.fandom.com/wiki/Black_King_Bar/Lore
Artifacts;Blade of Worlds;https://dota2.fandom.com/wiki/Blade_of_Worlds
Artifacts;Bullsnake Flag;https://dota2.fandom.com/wiki/Bullsnake_Flag
Artifacts;Butterfly;https://dota2.fandom.com/wiki/Butterfly/Lore
Artifacts;Cats-eye Gemstones;https://dota2.fandom.com/wiki/Cats-eye_Gemstones
Artifacts;Chains of Abscession;https://dota2.fandom.com/wiki/Chains_of_Abscession
Artifacts;Claszureme Hourglass;https://dota2.fandom.com/wiki/Claszureme_Hourglass
Artifacts;Dagon;https://dota2.fandom.com/wiki/Dagon/Lore
Artifacts;Demon Edge;https://dota2.fandom.com/wiki/Demon_Edge/Lore
Artifacts;Eternal Crucible;https://dota2.fandom.com/wiki/Eternal_Crucible
Artifacts;Eye of the Worldwyrm;https://dota2.fandom.com/wiki/Eye_of_the_Worldwyrm
Artifacts;Great Belt of Omexe;https://dota2.fandom.com/wiki/Great_Belt_of_Omexe
Artifacts;Hammers of Celestarr;https://dota2.fandom.com/wiki/Hammers_of_Celestarr
Artifacts;Holy Flame;https://dota2.fandom.com/wiki/Holy_Flame
Artifacts;Mad Scepter;https://dota2.fandom.com/wiki/Mad_Scepter
Artifacts;Mjollnir;https://dota2.fandom.com/wiki/Mjollnir/Lore
Artifacts;Moonblades;https://dota2.fandom.com/wiki/Moonblades
Artifacts;Named Swords;https://dota2.fandom.com/wiki/Named_Swords
Artifacts;Ol' Rackatee;https://dota2.fandom.com/wiki/Ol%27_Rackatee
Artifacts;Outcast Blade;https://dota2.fandom.com/wiki/Outcast_Blade
Artifacts;Ring of Tarrasque;https://dota2.fandom.com/wiki/Ring_of_Tarrasque/Lore
Artifacts;Ruyi Jingu Bang;https://dota2.fandom.com/wiki/Ruyi_Jingu_Bang
Artifacts;Sacred Helm;https://dota2.fandom.com/wiki/Sacred_Helm
Artifacts;Sacred Orb;https://dota2.fandom.com/wiki/Sacred_Orb
Artifacts;Sange and Yasha;https://dota2.fandom.com/wiki/Sange_and_Yasha/Lore
Artifacts;Sange;https://dota2.fandom.com/wiki/Sange/Lore
Artifacts;Shadowgate Amulet;https://dota2.fandom.com/wiki/Shadowgate_Amulet
Artifacts;Shopkeeper's Gem;https://dota2.fandom.com/wiki/Shopkeeper%27s_Gem
Artifacts;Silver Edge;https://dota2.fandom.com/wiki/Silver_Edge/Lore
Artifacts;Teardrop Gems;https://dota2.fandom.com/wiki/Teardrop_Gems
Artifacts;The Forge;https://dota2.fandom.com/wiki/The_Forge
Artifacts;Tidebringer;https://dota2.fandom.com/wiki/Tidebringer_(Lore)
Artifacts;Vanguard;https://dota2.fandom.com/wiki/Vanguard/Lore
Artifacts;Visage of Vengeance;https://dota2.fandom.com/wiki/Visage_of_Vengeance
Artifacts;Wyrmblade;https://dota2.fandom.com/wiki/Wyrmblade
Artifacts;Yasha;https://dota2.fandom.com/wiki/Yasha/Lore
Texts;Archronicus (Dragon's Blood);https://dota2.fandom.com/wiki/Archronicus_(Dragon%27s_Blood)
Texts;Book of Heavens;https://dota2.fandom.com/wiki/Book_of_Heavens
Texts;Black Grimoire;https://dota2.fandom.com/wiki/Book_of_Shadows/Lore
Texts;Book of the Dead;https://dota2.fandom.com/wiki/Book_of_the_Dead/Lore
Texts;Eldwurm Eddas;https://dota2.fandom.com/wiki/Eldwurm_Eddas
Texts;Graventome;https://dota2.fandom.com/wiki/Graventome
Texts;Red Mist, Red Passion;https://dota2.fandom.com/wiki/Red_Mist,_Red_Passion
Texts;Scrolls of Haize;https://dota2.fandom.com/wiki/Scrolls_of_Haize
Texts;Tael'Am;https://dota2.fandom.com/wiki/Tael%27Am
Texts;The Death Bounty;https://dota2.fandom.com/wiki/The_Death_Bounty
Texts;Twilight in the Keep of Khorvin Wenn;https://dota2.fandom.com/wiki/Twilight_in_the_Keep_of_Khorvin_Wenn
Texts;Vigil Codex;https://dota2.fandom.com/wiki/Vigil_Codex
Resources;Chronite;https://dota2.fandom.com/wiki/Chronite
Resources;Chronoptic Crystals;https://dota2.fandom.com/wiki/Chronoptic_Crystals
Resources;Crimsonstone;https://dota2.fandom.com/wiki/Crimsonstone
Resources;Direstone;https://dota2.fandom.com/wiki/Direstone_(Lore)
Resources;Dragon's Fire Whiskey;https://dota2.fandom.com/wiki/Dragon%27s_Fire_Whiskey
Resources;Exort;https://dota2.fandom.com/wiki/Exort_(Lore)
Resources;Glossamar;https://dota2.fandom.com/wiki/Glossamar
Resources;Jewels of the Forest;https://dota2.fandom.com/wiki/Jewels_of_the_Forest
Resources;Mana;https://dota2.fandom.com/wiki/Mana_(Lore)
Resources;Moonsilver;https://dota2.fandom.com/wiki/Moonsilver
Resources;Pincher Iron;https://dota2.fandom.com/wiki/Pincher_Iron
Resources;Quas;https://dota2.fandom.com/wiki/Quas_(Lore)
Resources;Radiant Ore;https://dota2.fandom.com/wiki/Radiant_Ore_(Lore)
Resources;Ragestone;https://dota2.fandom.com/wiki/Ragestone
Resources;Riftshadow Crystals;https://dota2.fandom.com/wiki/Riftshadow_Crystals
Resources;Roshefort;https://dota2.fandom.com/wiki/Roshefort
Resources;Runes of Power;https://dota2.fandom.com/wiki/Runes_of_Power
Resources;Shadeglass;https://dota2.fandom.com/wiki/Shadeglass
Resources;Sinorian Gemstone;https://dota2.fandom.com/wiki/Sinorian_Gemstone
Resources;Wraith Essence;https://dota2.fandom.com/wiki/Wraith_Essence
Events;Battle of Stonefish Gate;https://dota2.fandom.com/wiki/Battle_of_Stonefish_Gate
Events;Massacre of the Apostates;https://dota2.fandom.com/wiki/Massacre_of_the_Apostates
Events;Qaz'hallaq;https://dota2.fandom.com/wiki/Qaz%27hallaq
Events;Seven Minute War;https://dota2.fandom.com/wiki/Seven_Minute_War
Events;Sordid Era;https://dota2.fandom.com/wiki/Sordid_Era
Events;Stygian Conquests;https://dota2.fandom.com/wiki/Stygian_Conquests
Events;Vhoul Rebellion;https://dota2.fandom.com/wiki/Vhoul_Rebellion
Events;Wightfall Invasion;https://dota2.fandom.com/wiki/Wightfall_Invasion
Traditions;Alchemy;https://dota2.fandom.com/wiki/Alchemy
Traditions;Artificing;https://dota2.fandom.com/wiki/Artificing
Traditions;Arts of Oblivion;https://dota2.fandom.com/wiki/Arts_of_Oblivion
Traditions;Bonds of the Guardian Flame;https://dota2.fandom.com/wiki/Bonds_of_the_Guardian_Flame
Traditions;Chymistry;https://dota2.fandom.com/wiki/Chymistry
Traditions;Dark Rift;https://dota2.fandom.com/wiki/Dark_Rift_(Tradition)
Traditions;Demon Witch;https://dota2.fandom.com/wiki/Demon_Witch
Traditions;Duel;https://dota2.fandom.com/wiki/Duelling
Traditions;Frozen Arts;https://dota2.fandom.com/wiki/Frozen_Arts
Traditions;Invoke;https://dota2.fandom.com/wiki/Invoke_(Lore)
Traditions;Juggernaut;https://dota2.fandom.com/wiki/Juggernaut_(Tradition)
Traditions;Last Strike;https://dota2.fandom.com/wiki/Last_Strike
Others;Atniw;https://dota2.fandom.com/wiki/Atniw
Others;Azure Dragons;https://dota2.fandom.com/wiki/Azure_Dragons
Others;Celestarr;https://dota2.fandom.com/wiki/Celestarr
Others;Chaos;https://dota2.fandom.com/wiki/Chaos
Others;Clazemere Treaty;https://dota2.fandom.com/wiki/Clazemere_Treaty
Others;Crepuscular Sigil;https://dota2.fandom.com/wiki/Crepuscular_Sigil
Others;Dark Moon;https://dota2.fandom.com/wiki/Dark_Moon
Others;Eki Bukaw;https://dota2.fandom.com/wiki/Eki_Bukaw
Others;Elvish;https://dota2.fandom.com/wiki/Elvish
Others;Gondar's Language;https://dota2.fandom.com/wiki/Gondar%27s_Language
Others;Gorroth;https://dota2.fandom.com/wiki/Gorroth
Others;Mighty Leviathan;https://dota2.fandom.com/wiki/Mighty_Leviathan
Others;Minotaur;https://dota2.fandom.com/wiki/Minotaur_(Lore)
Others;Nemesis Stones;https://dota2.fandom.com/wiki/Nemesis_Stones
Others;Nemestice;https://dota2.fandom.com/wiki/Nemestice
Others;Nezzureme;https://dota2.fandom.com/wiki/Nezzureme
Others;Oracular Visage of Garthos;https://dota2.fandom.com/wiki/Oracular_Visage_of_Garthos
Others;Order;https://dota2.fandom.com/wiki/Order
Others;Ozkavosh;https://dota2.fandom.com/wiki/Ozkavosh
Others;Qezh;https://dota2.fandom.com/wiki/Qezh
Others;Spark;https://dota2.fandom.com/wiki/Spark
Others;Tang-Ki;https://dota2.fandom.com/wiki/Tang-Ki
Others;Marci;https://dota2.fandom.com/wiki/Template:Lore_infobox/doc
Others;Marci;https://dota2.fandom.com/wiki/Template:Lore_infobox
Others;The Cataract;https://dota2.fandom.com/wiki/The_Cataract
Others;The Five Pillars;https://dota2.fandom.com/wiki/The_Five_Pillars
Others;The Impurities;https://dota2.fandom.com/wiki/The_Impurities
Others;Umbral Pact;https://dota2.fandom.com/wiki/Umbral_Pact
Others;Vloy;https://dota2.fandom.com/wiki/Vloy
Others;Yoy and Oyo;https://dota2.fandom.com/wiki/Yoy_and_Oyo
Heroes;Abaddon;https://dota2.fandom.com/wiki/Abaddon/Lore;https://dota2.fandom.com/wiki/Abaddon
Heroes;Alchemist;https://dota2.fandom.com/wiki/Alchemist/Lore;https://dota2.fandom.com/wiki/Alchemist
Heroes;Ancient Apparition;https://dota2.fandom.com/wiki/Ancient_Apparition/Lore;https://dota2.fandom.com/wiki/Ancient_Apparition
Heroes;Anti-Mage;https://dota2.fandom.com/wiki/Anti-Mage/Lore;https://dota2.fandom.com/wiki/Anti-Mage
Heroes;Arc Warden (Dragon's Blood);https://dota2.fandom.com/wiki/Arc_Warden/Dragon%27s_Blood;https://dota2.fandom.com/wiki/Arc_Warden/Dragon%27s_Blood
Heroes;Arc Warden;https://dota2.fandom.com/wiki/Arc_Warden/Lore;https://dota2.fandom.com/wiki/Arc_Warden
Heroes;Axe;https://dota2.fandom.com/wiki/Axe/Lore;https://dota2.fandom.com/wiki/Axe
Heroes;Bane;https://dota2.fandom.com/wiki/Bane/Lore;https://dota2.fandom.com/wiki/Bane
Heroes;Batrider;https://dota2.fandom.com/wiki/Batrider/Lore;https://dota2.fandom.com/wiki/Batrider
Heroes;Beastmaster;https://dota2.fandom.com/wiki/Beastmaster/Lore;https://dota2.fandom.com/wiki/Beastmaster
Heroes;Bloodseeker;https://dota2.fandom.com/wiki/Bloodseeker/Lore;https://dota2.fandom.com/wiki/Bloodseeker
Heroes;Bounty Hunter;https://dota2.fandom.com/wiki/Bounty_Hunter/Lore;https://dota2.fandom.com/wiki/Bounty_Hunter
Heroes;Brewmaster;https://dota2.fandom.com/wiki/Brewmaster/Lore;https://dota2.fandom.com/wiki/Brewmaster
Heroes;Bristleback;https://dota2.fandom.com/wiki/Bristleback/Lore;https://dota2.fandom.com/wiki/Bristleback
Heroes;Broodmother;https://dota2.fandom.com/wiki/Broodmother/Lore;https://dota2.fandom.com/wiki/Broodmother
Heroes;Centaur Warrunner;https://dota2.fandom.com/wiki/Centaur_Warrunner/Lore;https://dota2.fandom.com/wiki/Centaur_Warrunner
Heroes;Chaos Knight;https://dota2.fandom.com/wiki/Chaos_Knight/Lore;https://dota2.fandom.com/wiki/Chaos_Knight
Heroes;Chen;https://dota2.fandom.com/wiki/Chen/Lore;https://dota2.fandom.com/wiki/Chen
Heroes;Clinkz;https://dota2.fandom.com/wiki/Clinkz/Lore;https://dota2.fandom.com/wiki/Clinkz
Heroes;Clockwerk;https://dota2.fandom.com/wiki/Clockwerk/Lore;https://dota2.fandom.com/wiki/Clockwerk
Heroes;Crystal Maiden (Dragon's Blood);https://dota2.fandom.com/wiki/Crystal_Maiden/Dragon%27s_Blood;https://dota2.fandom.com/wiki/Crystal_Maiden/Dragon%27s_Blood
Heroes;Crystal Maiden;https://dota2.fandom.com/wiki/Crystal_Maiden/Lore;https://dota2.fandom.com/wiki/Crystal_Maiden
Heroes;Dark Seer;https://dota2.fandom.com/wiki/Dark_Seer/Lore;https://dota2.fandom.com/wiki/Dark_Seer
Heroes;Dark Willow;https://dota2.fandom.com/wiki/Dark_Willow/Lore;https://dota2.fandom.com/wiki/Dark_Willow
Heroes;Dawnbreaker;https://dota2.fandom.com/wiki/Dawnbreaker/Lore;https://dota2.fandom.com/wiki/Dawnbreaker
Heroes;Dazzle;https://dota2.fandom.com/wiki/Dazzle/Lore;https://dota2.fandom.com/wiki/Dazzle
Heroes;Death Prophet;https://dota2.fandom.com/wiki/Death_Prophet/Lore;https://dota2.fandom.com/wiki/Death_Prophet
Heroes;Disruptor;https://dota2.fandom.com/wiki/Disruptor/Lore;https://dota2.fandom.com/wiki/Disruptor
Heroes;Doom;https://dota2.fandom.com/wiki/Doom/Lore;https://dota2.fandom.com/wiki/Doom
Heroes;Dragon Knight (Dragon's Blood);https://dota2.fandom.com/wiki/Dragon_Knight/Dragon%27s_Blood;https://dota2.fandom.com/wiki/Dragon_Knight/Dragon%27s_Blood
Heroes;Dragon Knight;https://dota2.fandom.com/wiki/Dragon_Knight/Lore;https://dota2.fandom.com/wiki/Dragon_Knight
Heroes;Drow Ranger;https://dota2.fandom.com/wiki/Drow_Ranger/Lore;https://dota2.fandom.com/wiki/Drow_Ranger
Heroes;Earth Spirit;https://dota2.fandom.com/wiki/Earth_Spirit/Lore;https://dota2.fandom.com/wiki/Earth_Spirit
Heroes;Earthshaker;https://dota2.fandom.com/wiki/Earthshaker/Lore;https://dota2.fandom.com/wiki/Earthshaker
Heroes;Elder Titan;https://dota2.fandom.com/wiki/Elder_Titan/Lore;https://dota2.fandom.com/wiki/Elder_Titan
Heroes;Ember Spirit;https://dota2.fandom.com/wiki/Ember_Spirit/Lore;https://dota2.fandom.com/wiki/Ember_Spirit
Heroes;Enchantress;https://dota2.fandom.com/wiki/Enchantress/Lore;https://dota2.fandom.com/wiki/Enchantress
Heroes;Enigma;https://dota2.fandom.com/wiki/Enigma/Lore;https://dota2.fandom.com/wiki/Enigma
Heroes;Faceless Void;https://dota2.fandom.com/wiki/Faceless_Void/Lore;https://dota2.fandom.com/wiki/Faceless_Void
Heroes;Farvhan;https://dota2.fandom.com/wiki/Farvhan;https://dota2.fandom.com/wiki/Farvhan
Heroes;Grimstroke;https://dota2.fandom.com/wiki/Grimstroke/Lore;https://dota2.fandom.com/wiki/Grimstroke
Heroes;Gyrocopter;https://dota2.fandom.com/wiki/Gyrocopter/Lore;https://dota2.fandom.com/wiki/Gyrocopter
Heroes;Hoodwink;https://dota2.fandom.com/wiki/Hoodwink/Lore;https://dota2.fandom.com/wiki/Hoodwink
Heroes;Huskar;https://dota2.fandom.com/wiki/Huskar/Lore;https://dota2.fandom.com/wiki/Huskar
Heroes;Invoker (Dragon's Blood);https://dota2.fandom.com/wiki/Invoker/Dragon%27s_Blood;https://dota2.fandom.com/wiki/Invoker/Dragon%27s_Blood
Heroes;Invoker;https://dota2.fandom.com/wiki/Invoker/Lore;https://dota2.fandom.com/wiki/Invoker
Heroes;Io;https://dota2.fandom.com/wiki/Io/Lore;https://dota2.fandom.com/wiki/Io
Heroes;Jakiro;https://dota2.fandom.com/wiki/Jakiro/Lore;https://dota2.fandom.com/wiki/Jakiro
Heroes;Juggernaut;https://dota2.fandom.com/wiki/Juggernaut/Lore;https://dota2.fandom.com/wiki/Juggernaut
Heroes;Kanna;https://dota2.fandom.com/wiki/Kanna;https://dota2.fandom.com/wiki/Kanna
Heroes;Keefe Treekiller;https://dota2.fandom.com/wiki/Keefe_Treekiller;https://dota2.fandom.com/wiki/Keefe_Treekiller
Heroes;Keeper of the Light;https://dota2.fandom.com/wiki/Keeper_of_the_Light/Lore;https://dota2.fandom.com/wiki/Keeper_of_the_Light
Heroes;Kunkka;https://dota2.fandom.com/wiki/Kunkka/Lore;https://dota2.fandom.com/wiki/Kunkka
Heroes;Legion Commander;https://dota2.fandom.com/wiki/Legion_Commander/Lore;https://dota2.fandom.com/wiki/Legion_Commander
Heroes;Leshrac;https://dota2.fandom.com/wiki/Leshrac/Lore;https://dota2.fandom.com/wiki/Leshrac
Heroes;Lich;https://dota2.fandom.com/wiki/Lich/Lore;https://dota2.fandom.com/wiki/Lich
Heroes;Lifestealer;https://dota2.fandom.com/wiki/Lifestealer/Lore;https://dota2.fandom.com/wiki/Lifestealer
Heroes;Lina (Dragon's Blood);https://dota2.fandom.com/wiki/Lina/Dragon%27s_Blood;https://dota2.fandom.com/wiki/Lina/Dragon%27s_Blood
Heroes;Lina;https://dota2.fandom.com/wiki/Lina/Lore;https://dota2.fandom.com/wiki/Lina
Heroes;Lion;https://dota2.fandom.com/wiki/Lion/Lore;https://dota2.fandom.com/wiki/Lion
Heroes;Lone Druid;https://dota2.fandom.com/wiki/Lone_Druid/Lore;https://dota2.fandom.com/wiki/Lone_Druid
Heroes;Luna (Dragon's Blood);https://dota2.fandom.com/wiki/Luna/Dragon%27s_Blood;https://dota2.fandom.com/wiki/Luna/Dragon%27s_Blood
Heroes;Luna;https://dota2.fandom.com/wiki/Luna/Lore;https://dota2.fandom.com/wiki/Luna
Heroes;Lycan;https://dota2.fandom.com/wiki/Lycan/Lore;https://dota2.fandom.com/wiki/Lycan
Heroes;Magnus;https://dota2.fandom.com/wiki/Magnus/Lore;https://dota2.fandom.com/wiki/Magnus
Heroes;Marci;https://dota2.fandom.com/wiki/Marci/Lore;https://dota2.fandom.com/wiki/Marci
Heroes;Mars;https://dota2.fandom.com/wiki/Mars/Lore;https://dota2.fandom.com/wiki/Mars
Heroes;Mazzie;https://dota2.fandom.com/wiki/Mazzie;https://dota2.fandom.com/wiki/Mazzie
Heroes;Medusa;https://dota2.fandom.com/wiki/Medusa/Lore;https://dota2.fandom.com/wiki/Medusa
Heroes;Meepo;https://dota2.fandom.com/wiki/Meepo/Lore;https://dota2.fandom.com/wiki/Meepo
Heroes;Mirana (Dragon's Blood);https://dota2.fandom.com/wiki/Mirana/Dragon%27s_Blood;https://dota2.fandom.com/wiki/Mirana/Dragon%27s_Blood
Heroes;Mirana;https://dota2.fandom.com/wiki/Mirana/Lore;https://dota2.fandom.com/wiki/Mirana
Heroes;Monkey King;https://dota2.fandom.com/wiki/Monkey_King/Lore;https://dota2.fandom.com/wiki/Monkey_King
Heroes;Morphling;https://dota2.fandom.com/wiki/Morphling/Lore;https://dota2.fandom.com/wiki/Morphling
Heroes;Muerta;https://dota2.fandom.com/wiki/Muerta/Lore;https://dota2.fandom.com/wiki/Muerta
Heroes;Naga Siren;https://dota2.fandom.com/wiki/Naga_Siren/Lore;https://dota2.fandom.com/wiki/Naga_Siren
Heroes;Nature's Prophet;https://dota2.fandom.com/wiki/Nature%27s_Prophet/Lore;https://dota2.fandom.com/wiki/Nature%27s_Prophet
Heroes;Necrophos;https://dota2.fandom.com/wiki/Necrophos/Lore;https://dota2.fandom.com/wiki/Necrophos
Heroes;Night Stalker;https://dota2.fandom.com/wiki/Night_Stalker/Lore;https://dota2.fandom.com/wiki/Night_Stalker
Heroes;Nyx Assassin;https://dota2.fandom.com/wiki/Nyx_Assassin/Lore;https://dota2.fandom.com/wiki/Nyx_Assassin
Heroes;Ogre Magi;https://dota2.fandom.com/wiki/Ogre_Magi/Lore;https://dota2.fandom.com/wiki/Ogre_Magi
Heroes;Omniknight;https://dota2.fandom.com/wiki/Omniknight/Lore;https://dota2.fandom.com/wiki/Omniknight
Heroes;Oracle (Dragon's Blood);https://dota2.fandom.com/wiki/Oracle/Dragon%27s_Blood;https://dota2.fandom.com/wiki/Oracle/Dragon%27s_Blood
Heroes;Oracle;https://dota2.fandom.com/wiki/Oracle/Lore;https://dota2.fandom.com/wiki/Oracle
Heroes;Outworld Destroyer;https://dota2.fandom.com/wiki/Outworld_Destroyer/Lore;https://dota2.fandom.com/wiki/Outworld_Destroyer
Heroes;Pangolier;https://dota2.fandom.com/wiki/Pangolier/Lore;https://dota2.fandom.com/wiki/Pangolier
Heroes;Phantom Assassin;https://dota2.fandom.com/wiki/Phantom_Assassin/Lore;https://dota2.fandom.com/wiki/Phantom_Assassin
Heroes;Phantom Lancer;https://dota2.fandom.com/wiki/Phantom_Lancer/Lore;https://dota2.fandom.com/wiki/Phantom_Lancer
Heroes;Phoenix;https://dota2.fandom.com/wiki/Phoenix/Lore;https://dota2.fandom.com/wiki/Phoenix
Heroes;Pierpont;https://dota2.fandom.com/wiki/Pierpont;https://dota2.fandom.com/wiki/Pierpont
Heroes;Prellex;https://dota2.fandom.com/wiki/Prellex;https://dota2.fandom.com/wiki/Prellex
Heroes;Primal Beast;https://dota2.fandom.com/wiki/Primal_Beast/Lore;https://dota2.fandom.com/wiki/Primal_Beast
Heroes;Puck;https://dota2.fandom.com/wiki/Puck/Lore;https://dota2.fandom.com/wiki/Puck
Heroes;Pudge;https://dota2.fandom.com/wiki/Pudge/Lore;https://dota2.fandom.com/wiki/Pudge
Heroes;Pugna;https://dota2.fandom.com/wiki/Pugna/Lore;https://dota2.fandom.com/wiki/Pugna
Heroes;Queen of Pain;https://dota2.fandom.com/wiki/Queen_of_Pain/Lore;https://dota2.fandom.com/wiki/Queen_of_Pain
Heroes;Razor;https://dota2.fandom.com/wiki/Razor/Lore;https://dota2.fandom.com/wiki/Razor
Heroes;Riki;https://dota2.fandom.com/wiki/Riki/Lore;https://dota2.fandom.com/wiki/Riki
Heroes;Rix;https://dota2.fandom.com/wiki/Rix;https://dota2.fandom.com/wiki/Rix
Heroes;Rubick;https://dota2.fandom.com/wiki/Rubick/Lore;https://dota2.fandom.com/wiki/Rubick
Heroes;Sand King;https://dota2.fandom.com/wiki/Sand_King/Lore;https://dota2.fandom.com/wiki/Sand_King
Heroes;Shadow Demon;https://dota2.fandom.com/wiki/Shadow_Demon/Lore;https://dota2.fandom.com/wiki/Shadow_Demon
Heroes;Shadow Fiend;https://dota2.fandom.com/wiki/Shadow_Fiend/Lore;https://dota2.fandom.com/wiki/Shadow_Fiend
Heroes;Shadow Shaman;https://dota2.fandom.com/wiki/Shadow_Shaman/Lore;https://dota2.fandom.com/wiki/Shadow_Shaman
Heroes;Silencer;https://dota2.fandom.com/wiki/Silencer/Lore;https://dota2.fandom.com/wiki/Silencer
Heroes;Skeleton King;https://dota2.fandom.com/wiki/Skeleton_King/Lore;https://dota2.fandom.com/wiki/Skeleton_King
Heroes;Skywrath Mage;https://dota2.fandom.com/wiki/Skywrath_Mage/Lore;https://dota2.fandom.com/wiki/Skywrath_Mage
Heroes;Slardar;https://dota2.fandom.com/wiki/Slardar/Lore;https://dota2.fandom.com/wiki/Slardar
Heroes;Slark;https://dota2.fandom.com/wiki/Slark/Lore;https://dota2.fandom.com/wiki/Slark
Heroes;Snapfire;https://dota2.fandom.com/wiki/Snapfire/Lore;https://dota2.fandom.com/wiki/Snapfire
Heroes;Sniper;https://dota2.fandom.com/wiki/Sniper/Lore;https://dota2.fandom.com/wiki/Sniper
Heroes;Sorla Khan;https://dota2.fandom.com/wiki/Sorla_Khan;https://dota2.fandom.com/wiki/Sorla_Khan
Heroes;Spectre;https://dota2.fandom.com/wiki/Spectre/Lore;https://dota2.fandom.com/wiki/Spectre
Heroes;Spirit Breaker;https://dota2.fandom.com/wiki/Spirit_Breaker/Lore;https://dota2.fandom.com/wiki/Spirit_Breaker
Heroes;Storm Spirit;https://dota2.fandom.com/wiki/Storm_Spirit/Lore;https://dota2.fandom.com/wiki/Storm_Spirit
Heroes;Sven;https://dota2.fandom.com/wiki/Sven/Lore;https://dota2.fandom.com/wiki/Sven
Heroes;Techies;https://dota2.fandom.com/wiki/Techies/Lore;https://dota2.fandom.com/wiki/Techies
Heroes;Templar Assassin;https://dota2.fandom.com/wiki/Templar_Assassin/Lore;https://dota2.fandom.com/wiki/Templar_Assassin
Heroes;Terrorblade (Dragon's Blood);https://dota2.fandom.com/wiki/Terrorblade/Dragon%27s_Blood;https://dota2.fandom.com/wiki/Terrorblade/Dragon%27s_Blood
Heroes;Terrorblade;https://dota2.fandom.com/wiki/Terrorblade/Lore;https://dota2.fandom.com/wiki/Terrorblade
Heroes;Tidehunter;https://dota2.fandom.com/wiki/Tidehunter/Lore;https://dota2.fandom.com/wiki/Tidehunter
Heroes;Timbersaw;https://dota2.fandom.com/wiki/Timbersaw/Lore;https://dota2.fandom.com/wiki/Timbersaw
Heroes;Tinker;https://dota2.fandom.com/wiki/Tinker/Lore;https://dota2.fandom.com/wiki/Tinker
Heroes;Tiny;https://dota2.fandom.com/wiki/Tiny/Lore;https://dota2.fandom.com/wiki/Tiny
Heroes;Treant Protector;https://dota2.fandom.com/wiki/Treant_Protector/Lore;https://dota2.fandom.com/wiki/Treant_Protector
Heroes;Troll Warlord;https://dota2.fandom.com/wiki/Troll_Warlord/Lore;https://dota2.fandom.com/wiki/Troll_Warlord
Heroes;Tusk;https://dota2.fandom.com/wiki/Tusk/Lore;https://dota2.fandom.com/wiki/Tusk
Heroes;Underlord;https://dota2.fandom.com/wiki/Underlord/Lore;https://dota2.fandom.com/wiki/Underlord
Heroes;Undying;https://dota2.fandom.com/wiki/Undying/Lore;https://dota2.fandom.com/wiki/Undying
Heroes;Ursa;https://dota2.fandom.com/wiki/Ursa/Lore;https://dota2.fandom.com/wiki/Ursa
Heroes;Vengeful Spirit;https://dota2.fandom.com/wiki/Vengeful_Spirit/Lore;https://dota2.fandom.com/wiki/Vengeful_Spirit
Heroes;Venomancer;https://dota2.fandom.com/wiki/Venomancer/Lore;https://dota2.fandom.com/wiki/Venomancer
Heroes;Viper;https://dota2.fandom.com/wiki/Viper/Lore;https://dota2.fandom.com/wiki/Viper
Heroes;Visage;https://dota2.fandom.com/wiki/Visage/Lore;https://dota2.fandom.com/wiki/Visage
Heroes;Void Spirit;https://dota2.fandom.com/wiki/Void_Spirit/Lore;https://dota2.fandom.com/wiki/Void_Spirit
Heroes;Warlock;https://dota2.fandom.com/wiki/Warlock/Lore;https://dota2.fandom.com/wiki/Warlock
Heroes;Weaver;https://dota2.fandom.com/wiki/Weaver/Lore;https://dota2.fandom.com/wiki/Weaver
Heroes;Windranger;https://dota2.fandom.com/wiki/Windranger/Lore;https://dota2.fandom.com/wiki/Windranger
Heroes;Winter Wyvern (Dragon's Blood);https://dota2.fandom.com/wiki/Winter_Wyvern/Dragon%27s_Blood;https://dota2.fandom.com/wiki/Winter_Wyvern/Dragon%27s_Blood
Heroes;Winter Wyvern;https://dota2.fandom.com/wiki/Winter_Wyvern/Lore;https://dota2.fandom.com/wiki/Winter_Wyvern
Heroes;Witch Doctor;https://dota2.fandom.com/wiki/Witch_Doctor/Lore;https://dota2.fandom.com/wiki/Witch_Doctor
Heroes;Wraith King;https://dota2.fandom.com/wiki/Wraith_King/Lore;https://dota2.fandom.com/wiki/Wraith_King
Heroes;Zeus;https://dota2.fandom.com/wiki/Zeus/Lore;https://dota2.fandom.com/wiki/Zeus
